[ {
  "deviceConfig" : {
    "name" : "Kontakt.io",
    "packets" : [ "IBEACON", "KONTAKT" ],
    "buttonFeatures" : [ ],
    "interval" : 350.0,
    "kontaktAdvIntervalMs" : 1000.0,
    "telemetryInterval" : 500.0,
    "ttFrameInterval" : 3000.0,
    "locationFrameInterval" : 350.0,
    "locationFrameChannel" : 0,
    "uniqueId" : "10ik001",
    "txPower" : 3,
    "password" : "TteSG1AfpR4kZvVS",
    "masterPassword" : "2TK1Y9",
    "firmware" : "2.2.0",
    "mac" : "D6:1E:E1:77:1C:F1"
  },
  "powerSavingConfig" : {
    "powerSaving" : [ ],
    "moveSuspendTimeout" : 60,
    "powerSavingLightThreshold" : 50,
    "powerSavingRtcConfig" : { },
    "burstOnTime" : 15,
    "burstOffTime" : 1
  },
  "ibeacon" : {
    "proximity" : "f7826da6-4fa2-4e98-8024-bc5b71e0893e",
    "major" : 21982,
    "minor" : 65390
  },
  "eddystone" : {
    "namespace" : "f7826da6bc5b71e0893e",
    "instanceId" : "52477a447a48",
    "url" : "026b6e746b2e696f2f6564647973746f6e65",
    "eidIdentityKey" : "006b711492445e3dd1652c1cee478eaf",
    "eidRotationPeriodExponent" : 15
  },
  "securityConfig" : {
    "shuffleInterval" : 0,
    "shuffleKeyLength" : 10,
    "shufflePassword" : "abcdef",
    "shufflePasswordLength" : 6,
    "secureConfig" : true
  },
  "serialNumber" : 1,
  "productName" : "Asset Tag S18-3"
}, {
  "deviceConfig" : {
    "name" : "Kontakt.io",
    "packets" : [ "IBEACON", "KONTAKT" ],
    "buttonFeatures" : [ ],
    "interval" : 350.0,
    "kontaktAdvIntervalMs" : 1000.0,
    "telemetryInterval" : 500.0,
    "ttFrameInterval" : 3000.0,
    "locationFrameInterval" : 350.0,
    "locationFrameChannel" : 0,
    "uniqueId" : "10im002",
    "txPower" : 3,
    "password" : "4aGFUwiHBEbSsVmq",
    "masterPassword" : "PM5EjT",
    "firmware" : "2.2.0",
    "mac" : "D3:48:E3:77:7A:F1"
  },
  "powerSavingConfig" : {
    "powerSaving" : [ ],
    "moveSuspendTimeout" : 60,
    "powerSavingLightThreshold" : 50,
    "powerSavingRtcConfig" : { },
    "burstOnTime" : 15,
    "burstOffTime" : 1
  },
  "ibeacon" : {
    "proximity" : "f7826da6-4fa2-4e98-8024-bc5b71e0893e",
    "major" : 30657,
    "minor" : 4999
  },
  "eddystone" : {
    "namespace" : "f7826da6bc5b71e0893e",
    "instanceId" : "45416c30594b",
    "url" : "026b6e746b2e696f2f6564647973746f6e65",
    "eidIdentityKey" : "a1c0bb3e4dbb8660fb6d6b5cff3710cc",
    "eidRotationPeriodExponent" : 15
  },
  "securityConfig" : {
    "shuffleInterval" : 0,
    "shuffleKeyLength" : 10,
    "shufflePassword" : "abcdef",
    "shufflePasswordLength" : 6,
    "secureConfig" : true
  },
  "serialNumber" : 2,
  "productName" : "Asset Tag S18-3"
} ]