{
  "orderId" : "KNKT-DQE",
  "priority" : 5,
  "orderDate" : "2020-10-12T11:12:25.957+0000",
  "bigOrder" : false,
  "orderItems" : [ {
    "itemName" : "Asset Tag S18-3",
    "quantity" : 2,
    "status" : "COMPLETE",
    "product" : "PartnerDevice",
    "unitProductionDuration" : 0
  }, {
    "itemName" : "Card Tag CT18-3",
    "quantity" : 2,
    "status" : "COMPLETE",
    "product" : "PartnerDevice",
    "unitProductionDuration" : 0
  } ],
  "hasCustomLogo" : false,
  "programmingNote" : ""
}